image_name,folder,path
٣_page-00054.jpg,الذكور الصف الاول اعدادي,Bender_Gestalt_Test\Student Drawings by Year and Gender\الذكور الصف الاول اعدادي\٣_page-00054.jpg
٣_page-00055.jpg,الذكور الصف الاول اعدادي,Bender_Gestalt_Test\Student Drawings by Year and Gender\الذكور الصف الاول اعدادي\٣_page-00055.jpg
٣_page-00056.jpg,الذكور الصف الاول اعدادي,Bender_Gestalt_Test\Student Drawings by Year and Gender\الذكور الصف الاول اعدادي\٣_page-00056.jpg
٣_page-00057.jpg,الذكور الصف الاول اعدادي,Bender_Gestalt_Test\Student Drawings by Year and Gender\الذكور الصف الاول اعدادي\٣_page-00057.jpg
٣_page-00058.jpg,الذكور الصف الاول اعدادي,Bender_Gestalt_Test\Student Drawings by Year and Gender\الذكور الصف الاول اعدادي\٣_page-00058.jpg
٣_page-00059.jpg,الذكور الصف الاول اعدادي,Bender_Gestalt_Test\Student Drawings by Year and Gender\الذكور الصف الاول اعدادي\٣_page-00059.jpg
٣_page-00060.jpg,الذكور الصف الاول اعدادي,Bender_Gestalt_Test\Student Drawings by Year and Gender\الذكور الصف الاول اعدادي\٣_page-00060.jpg
٣_page-00061.jpg,الذكور الصف الاول اعدادي,Bender_Gestalt_Test\Student Drawings by Year and Gender\الذكور الصف الاول اعدادي\٣_page-00061.jpg
٣_page-00062.jpg,الذكور الصف الاول اعدادي,Bender_Gestalt_Test\Student Drawings by Year and Gender\الذكور الصف الاول اعدادي\٣_page-00062.jpg
٣_page-00063.jpg,الذكور الصف الاول اعدادي,Bender_Gestalt_Test\Student Drawings by Year and Gender\الذكور الصف الاول اعدادي\٣_page-00063.jpg
٣_page-00064.jpg,الذكور الصف الاول اعدادي,Bender_Gestalt_Test\Student Drawings by Year and Gender\الذكور الصف الاول اعدادي\٣_page-00064.jpg
٣_page-00065.jpg,الذكور الصف الاول اعدادي,Bender_Gestalt_Test\Student Drawings by Year and Gender\الذكور الصف الاول اعدادي\٣_page-00065.jpg
٣_page-00066.jpg,الذكور الصف الاول اعدادي,Bender_Gestalt_Test\Student Drawings by Year and Gender\الذكور الصف الاول اعدادي\٣_page-00066.jpg
٣_page-00067.jpg,الذكور الصف الاول اعدادي,Bender_Gestalt_Test\Student Drawings by Year and Gender\الذكور الصف الاول اعدادي\٣_page-00067.jpg
١_page-0001.jpg,الذكور الصف الرابع,Bender_Gestalt_Test\Student Drawings by Year and Gender\الذكور الصف الرابع\١_page-0001.jpg
١_page-0002.jpg,الذكور الصف الرابع,Bender_Gestalt_Test\Student Drawings by Year and Gender\الذكور الصف الرابع\١_page-0002.jpg
١_page-0003.jpg,الذكور الصف الرابع,Bender_Gestalt_Test\Student Drawings by Year and Gender\الذكور الصف الرابع\١_page-0003.jpg
١_page-0004.jpg,الذكور الصف الرابع,Bender_Gestalt_Test\Student Drawings by Year and Gender\الذكور الصف الرابع\١_page-0004.jpg
١_page-0005.jpg,الذكور الصف الرابع,Bender_Gestalt_Test\Student Drawings by Year and Gender\الذكور الصف الرابع\١_page-0005.jpg
١_page-0006.jpg,الذكور الصف الرابع,Bender_Gestalt_Test\Student Drawings by Year and Gender\الذكور الصف الرابع\١_page-0006.jpg
١_page-0007.jpg,الذكور الصف الرابع,Bender_Gestalt_Test\Student Drawings by Year and Gender\الذكور الصف الرابع\١_page-0007.jpg
١_page-0008.jpg,الذكور الصف الرابع,Bender_Gestalt_Test\Student Drawings by Year and Gender\الذكور الصف الرابع\١_page-0008.jpg
١_page-0009.jpg,الذكور الصف الرابع,Bender_Gestalt_Test\Student Drawings by Year and Gender\الذكور الصف الرابع\١_page-0009.jpg
١_page-0010.jpg,الذكور الصف الرابع,Bender_Gestalt_Test\Student Drawings by Year and Gender\الذكور الصف الرابع\١_page-0010.jpg
١_page-0011.jpg,الذكور الصف الرابع,Bender_Gestalt_Test\Student Drawings by Year and Gender\الذكور الصف الرابع\١_page-0011.jpg
١_page-0012.jpg,الذكور الصف الرابع,Bender_Gestalt_Test\Student Drawings by Year and Gender\الذكور الصف الرابع\١_page-0012.jpg
١_page-0013.jpg,الذكور الصف الرابع,Bender_Gestalt_Test\Student Drawings by Year and Gender\الذكور الصف الرابع\١_page-0013.jpg
٢_page-00025.jpg,الذكور الصف السادس,Bender_Gestalt_Test\Student Drawings by Year and Gender\الذكور الصف السادس\٢_page-00025.jpg
٢_page-00026.jpg,الذكور الصف السادس,Bender_Gestalt_Test\Student Drawings by Year and Gender\الذكور الصف السادس\٢_page-00026.jpg
٢_page-00027.jpg,الذكور الصف السادس,Bender_Gestalt_Test\Student Drawings by Year and Gender\الذكور الصف السادس\٢_page-00027.jpg
٢_page-00028.jpg,الذكور الصف السادس,Bender_Gestalt_Test\Student Drawings by Year and Gender\الذكور الصف السادس\٢_page-00028.jpg
٢_page-00029.jpg,الذكور الصف السادس,Bender_Gestalt_Test\Student Drawings by Year and Gender\الذكور الصف السادس\٢_page-00029.jpg
٢_page-00030.jpg,الذكور الصف السادس,Bender_Gestalt_Test\Student Drawings by Year and Gender\الذكور الصف السادس\٢_page-00030.jpg
٢_page-00031.jpg,الذكور الصف السادس,Bender_Gestalt_Test\Student Drawings by Year and Gender\الذكور الصف السادس\٢_page-00031.jpg
٢_page-00032.jpg,الذكور الصف السادس,Bender_Gestalt_Test\Student Drawings by Year and Gender\الذكور الصف السادس\٢_page-00032.jpg
٢_page-00033.jpg,الذكور الصف السادس,Bender_Gestalt_Test\Student Drawings by Year and Gender\الذكور الصف السادس\٢_page-00033.jpg
٢_page-00034.jpg,الذكور الصف السادس,Bender_Gestalt_Test\Student Drawings by Year and Gender\الذكور الصف السادس\٢_page-00034.jpg
٣_page-00068.jpg,اناث الصف الاول اعدادى,Bender_Gestalt_Test\Student Drawings by Year and Gender\اناث الصف الاول اعدادى\٣_page-00068.jpg
٣_page-00069.jpg,اناث الصف الاول اعدادى,Bender_Gestalt_Test\Student Drawings by Year and Gender\اناث الصف الاول اعدادى\٣_page-00069.jpg
٣_page-00070.jpg,اناث الصف الاول اعدادى,Bender_Gestalt_Test\Student Drawings by Year and Gender\اناث الصف الاول اعدادى\٣_page-00070.jpg
٣_page-00071.jpg,اناث الصف الاول اعدادى,Bender_Gestalt_Test\Student Drawings by Year and Gender\اناث الصف الاول اعدادى\٣_page-00071.jpg
٣_page-00072.jpg,اناث الصف الاول اعدادى,Bender_Gestalt_Test\Student Drawings by Year and Gender\اناث الصف الاول اعدادى\٣_page-00072.jpg
٣_page-00073.jpg,اناث الصف الاول اعدادى,Bender_Gestalt_Test\Student Drawings by Year and Gender\اناث الصف الاول اعدادى\٣_page-00073.jpg
٣_page-00074.jpg,اناث الصف الاول اعدادى,Bender_Gestalt_Test\Student Drawings by Year and Gender\اناث الصف الاول اعدادى\٣_page-00074.jpg
٣_page-00075.jpg,اناث الصف الاول اعدادى,Bender_Gestalt_Test\Student Drawings by Year and Gender\اناث الصف الاول اعدادى\٣_page-00075.jpg
٣_page-00076.jpg,اناث الصف الاول اعدادى,Bender_Gestalt_Test\Student Drawings by Year and Gender\اناث الصف الاول اعدادى\٣_page-00076.jpg
٣_page-00077.jpg,اناث الصف الاول اعدادى,Bender_Gestalt_Test\Student Drawings by Year and Gender\اناث الصف الاول اعدادى\٣_page-00077.jpg
٣_page-00078.jpg,اناث الصف الاول اعدادى,Bender_Gestalt_Test\Student Drawings by Year and Gender\اناث الصف الاول اعدادى\٣_page-00078.jpg
١_page-0014.jpg,اناث الصف الرابع,Bender_Gestalt_Test\Student Drawings by Year and Gender\اناث الصف الرابع\١_page-0014.jpg
١_page-0015.jpg,اناث الصف الرابع,Bender_Gestalt_Test\Student Drawings by Year and Gender\اناث الصف الرابع\١_page-0015.jpg
١_page-0016.jpg,اناث الصف الرابع,Bender_Gestalt_Test\Student Drawings by Year and Gender\اناث الصف الرابع\١_page-0016.jpg
١_page-0017.jpg,اناث الصف الرابع,Bender_Gestalt_Test\Student Drawings by Year and Gender\اناث الصف الرابع\١_page-0017.jpg
١_page-0018.jpg,اناث الصف الرابع,Bender_Gestalt_Test\Student Drawings by Year and Gender\اناث الصف الرابع\١_page-0018.jpg
١_page-0019.jpg,اناث الصف الرابع,Bender_Gestalt_Test\Student Drawings by Year and Gender\اناث الصف الرابع\١_page-0019.jpg
١_page-0020.jpg,اناث الصف الرابع,Bender_Gestalt_Test\Student Drawings by Year and Gender\اناث الصف الرابع\١_page-0020.jpg
١_page-0021.jpg,اناث الصف الرابع,Bender_Gestalt_Test\Student Drawings by Year and Gender\اناث الصف الرابع\١_page-0021.jpg
١_page-0022.jpg,اناث الصف الرابع,Bender_Gestalt_Test\Student Drawings by Year and Gender\اناث الصف الرابع\١_page-0022.jpg
١_page-0023.jpg,اناث الصف الرابع,Bender_Gestalt_Test\Student Drawings by Year and Gender\اناث الصف الرابع\١_page-0023.jpg
١_page-0024.jpg,اناث الصف الرابع,Bender_Gestalt_Test\Student Drawings by Year and Gender\اناث الصف الرابع\١_page-0024.jpg
٢_page-00035.jpg,اناث الصف السادس,Bender_Gestalt_Test\Student Drawings by Year and Gender\اناث الصف السادس\٢_page-00035.jpg
٢_page-00036.jpg,اناث الصف السادس,Bender_Gestalt_Test\Student Drawings by Year and Gender\اناث الصف السادس\٢_page-00036.jpg
٢_page-00037.jpg,اناث الصف السادس,Bender_Gestalt_Test\Student Drawings by Year and Gender\اناث الصف السادس\٢_page-00037.jpg
٢_page-00038.jpg,اناث الصف السادس,Bender_Gestalt_Test\Student Drawings by Year and Gender\اناث الصف السادس\٢_page-00038.jpg
٢_page-00039.jpg,اناث الصف السادس,Bender_Gestalt_Test\Student Drawings by Year and Gender\اناث الصف السادس\٢_page-00039.jpg
٢_page-00040.jpg,اناث الصف السادس,Bender_Gestalt_Test\Student Drawings by Year and Gender\اناث الصف السادس\٢_page-00040.jpg
٢_page-00041.jpg,اناث الصف السادس,Bender_Gestalt_Test\Student Drawings by Year and Gender\اناث الصف السادس\٢_page-00041.jpg
٢_page-00042.jpg,اناث الصف السادس,Bender_Gestalt_Test\Student Drawings by Year and Gender\اناث الصف السادس\٢_page-00042.jpg
٢_page-00043.jpg,اناث الصف السادس,Bender_Gestalt_Test\Student Drawings by Year and Gender\اناث الصف السادس\٢_page-00043.jpg
٢_page-00044.jpg,اناث الصف السادس,Bender_Gestalt_Test\Student Drawings by Year and Gender\اناث الصف السادس\٢_page-00044.jpg
٢_page-00045.jpg,اناث الصف السادس,Bender_Gestalt_Test\Student Drawings by Year and Gender\اناث الصف السادس\٢_page-00045.jpg
٢_page-00046.jpg,اناث الصف السادس,Bender_Gestalt_Test\Student Drawings by Year and Gender\اناث الصف السادس\٢_page-00046.jpg
٢_page-00047.jpg,اناث الصف السادس,Bender_Gestalt_Test\Student Drawings by Year and Gender\اناث الصف السادس\٢_page-00047.jpg
٢_page-00048.jpg,اناث الصف السادس,Bender_Gestalt_Test\Student Drawings by Year and Gender\اناث الصف السادس\٢_page-00048.jpg
٢_page-00049.jpg,اناث الصف السادس,Bender_Gestalt_Test\Student Drawings by Year and Gender\اناث الصف السادس\٢_page-00049.jpg
٢_page-00050.jpg,اناث الصف السادس,Bender_Gestalt_Test\Student Drawings by Year and Gender\اناث الصف السادس\٢_page-00050.jpg
٢_page-00051.jpg,اناث الصف السادس,Bender_Gestalt_Test\Student Drawings by Year and Gender\اناث الصف السادس\٢_page-00051.jpg
٢_page-00052.jpg,اناث الصف السادس,Bender_Gestalt_Test\Student Drawings by Year and Gender\اناث الصف السادس\٢_page-00052.jpg
٢_page-00053.jpg,اناث الصف السادس,Bender_Gestalt_Test\Student Drawings by Year and Gender\اناث الصف السادس\٢_page-00053.jpg
٤_page-00079.jpg,ذكور الصف الثالث اعدادي,Bender_Gestalt_Test\Student Drawings by Year and Gender\ذكور الصف الثالث اعدادي\٤_page-00079.jpg
٤_page-00080.jpg,ذكور الصف الثالث اعدادي,Bender_Gestalt_Test\Student Drawings by Year and Gender\ذكور الصف الثالث اعدادي\٤_page-00080.jpg
٤_page-00081.jpg,ذكور الصف الثالث اعدادي,Bender_Gestalt_Test\Student Drawings by Year and Gender\ذكور الصف الثالث اعدادي\٤_page-00081.jpg
٤_page-00082.jpg,ذكور الصف الثالث اعدادي,Bender_Gestalt_Test\Student Drawings by Year and Gender\ذكور الصف الثالث اعدادي\٤_page-00082.jpg
٤_page-00083.jpg,ذكور الصف الثالث اعدادي,Bender_Gestalt_Test\Student Drawings by Year and Gender\ذكور الصف الثالث اعدادي\٤_page-00083.jpg
٤_page-00084.jpg,ذكور الصف الثالث اعدادي,Bender_Gestalt_Test\Student Drawings by Year and Gender\ذكور الصف الثالث اعدادي\٤_page-00084.jpg
٤_page-00085.jpg,ذكور الصف الثالث اعدادي,Bender_Gestalt_Test\Student Drawings by Year and Gender\ذكور الصف الثالث اعدادي\٤_page-00085.jpg
٤_page-00086.jpg,ذكور الصف الثالث اعدادي,Bender_Gestalt_Test\Student Drawings by Year and Gender\ذكور الصف الثالث اعدادي\٤_page-00086.jpg
٤_page-00087.jpg,ذكور الصف الثالث اعدادي,Bender_Gestalt_Test\Student Drawings by Year and Gender\ذكور الصف الثالث اعدادي\٤_page-00087.jpg
٤_page-00088.jpg,ذكور الصف الثالث اعدادي,Bender_Gestalt_Test\Student Drawings by Year and Gender\ذكور الصف الثالث اعدادي\٤_page-00088.jpg
٤_page-00089.jpg,ذكور الصف الثالث اعدادي,Bender_Gestalt_Test\Student Drawings by Year and Gender\ذكور الصف الثالث اعدادي\٤_page-00089.jpg
